Desiree Wince,57,48402151771,d.wince@email.com,(25) 6717-3361,Sao Paulo,SP,1989-12-25 22:37:48.930811
James Sanchirico,44,81990615983,j.sanchirico@email.com,(23) 2545-9313,Sao Paulo,SP,2006-04-04 22:14:39.765846
Salvatore Pasquale,62,52727631327,s.pasquale@email.com,(66) 4039-6099,Rio de Janeiro,RJ,1997-01-07 22:40:06.520976
Karen Jordan,78,33834923360,k.jordan@email.com,(75) 2362-1121,Rio de Janeiro,RJ,2001-04-25 12:32:29.218103
William Mayo,43,72355947167,w.mayo@email.com,(48) 9982-2383,Porto Alegre,RS,1995-08-26 05:35:56.125432
Paul Pollara,62,14623664881,p.pollara@email.com,(04) 1497-8800,Rio de Janeiro,RJ,2008-08-02 21:17:25.935268
Ricky Woodyard,42,56266792184,r.woodyard@email.com,(07) 7204-2828,Porto Alegre,RS,1999-06-14 08:20:33.963091
Carla Shaffer,62,22535939322,c.shaffer@email.com,(41) 6873-8610,Porto Alegre,RS,1982-11-11 20:27:41.961254
Thomas Proctor,36,31768267771,t.proctor@email.com,(72) 8998-6369,Campo Grande,MS,1994-04-02 15:27:31.387677
Joseph Oseguera,40,87599174593,j.oseguera@email.com,(96) 5350-3243,Campo Grande,MS,2008-11-28 04:38:54.986461
Stephanie Bradford,86,60768910799,s.bradford@email.com,(71) 6618-8390,Rio de Janeiro,RJ,1999-07-23 11:39:13.065233
Allen Plott,83,65124797824,a.plott@email.com,(51) 5820-5809,Campo Grande,MS,2005-03-23 22:45:38.539043
Mitchell Donovan,84,39909377391,m.donovan@email.com,(95) 2574-3611,Campo Grande,MS,2014-08-05 04:01:01.426519
Arvilla Schwartz,28,10674459966,a.schwartz@email.com,(45) 4647-0335,Sao Paulo,SP,1981-03-09 10:39:42.492241
Stephen Vandermoon,52,95698437172,s.vandermoon@email.com,(09) 9952-2819,Sao Paulo,SP,2013-06-21 09:38:16.420212
Salvador Barer,99,01123335057,s.barer@email.com,(68) 4750-3276,Porto Alegre,RS,2007-10-04 19:40:39.990589
Gail Paull,95,87189413498,g.paull@email.com,(72) 4713-8813,Campo Grande,MS,2012-07-15 12:57:04.701526
Steven Simmons,95,40587553762,s.simmons@email.com,(48) 1954-5700,Campo Grande,MS,1991-10-19 12:16:37.841586
Raymond Crain,24,95673009066,r.crain@email.com,(09) 2431-5308,Sao Paulo,SP,2005-08-26 18:09:54.170970
Brandy Alley,69,14906604125,b.alley@email.com,(33) 2076-0910,Rio de Janeiro,RJ,2014-06-16 01:18:15.959393
Nelda Kelly,81,01555292429,n.kelly@email.com,(79) 3463-7220,Sao Paulo,SP,1980-04-23 15:49:23.041658
Laura Turner,47,64588185314,l.turner@email.com,(07) 1131-6962,Sao Paulo,SP,1993-06-25 09:54:16.888395
Michael Lounsbury,88,35785525269,m.lounsbury@email.com,(56) 3986-8854,Campo Grande,MS,1988-04-26 17:18:58.194575
Robert Tomlinson,96,00189747739,r.tomlinson@email.com,(65) 3558-4206,Rio de Janeiro,RJ,1982-12-13 19:46:19.785102
Joseph Muldowney,96,52268375267,j.muldowney@email.com,(78) 6726-7723,Sao Paulo,SP,2006-06-07 20:56:56.613716
Teddy Lozon,81,44783267910,t.lozon@email.com,(79) 2100-6205,Sao Paulo,SP,1988-01-28 19:12:32.546731
Michael Angelico,41,58376778466,m.angelico@email.com,(15) 4978-6459,Rio de Janeiro,RJ,2014-01-20 21:15:34.233074
Shenita Lancaster,51,00485293076,s.lancaster@email.com,(51) 5094-3958,Porto Alegre,RS,2012-09-15 13:24:09.245169
Lorraine Yingst,93,25825063364,l.yingst@email.com,(40) 4228-0144,Campo Grande,MS,1998-01-18 10:42:17.834723
Joseph White,86,03182253252,j.white@email.com,(27) 4810-2503,Rio de Janeiro,RJ,1989-09-27 13:27:03.477813
Todd Rodriguez,53,04437081924,t.rodriguez@email.com,(89) 6063-4686,Rio de Janeiro,RJ,2002-12-09 07:45:07.442499
Davida Wood,89,92478454624,d.wood@email.com,(21) 8258-3716,Rio de Janeiro,RJ,2012-04-20 16:06:21.495721
William Corp,51,00737892636,w.corp@email.com,(98) 7771-6856,Porto Alegre,RS,1981-05-11 18:59:12.405651
Shelly Wood,78,28965565759,s.wood@email.com,(82) 2169-2064,Porto Alegre,RS,1985-11-02 12:43:24.531870
Edna Goff,94,11476403862,e.goff@email.com,(29) 5779-4985,Rio de Janeiro,RJ,1998-03-20 07:39:42.090349
Marcus Hawthorne,74,33119463924,m.hawthorne@email.com,(15) 4945-0340,Rio de Janeiro,RJ,1998-06-21 18:47:50.653550
Shane Rios,35,12043873248,s.rios@email.com,(35) 8676-4309,Porto Alegre,RS,2002-04-14 08:03:22.480834
Willie Thorpe,74,60798106155,w.thorpe@email.com,(50) 6370-2076,Sao Paulo,SP,2010-06-29 08:24:22.714697
Michael Bueno,80,44745795330,m.bueno@email.com,(00) 3934-9678,Campo Grande,MS,1989-12-18 15:27:35.801108
Christine Edwards,38,07202417106,c.edwards@email.com,(27) 7164-9170,Rio de Janeiro,RJ,1987-10-25 16:16:09.172477
George Swaney,25,22748283440,g.swaney@email.com,(64) 5263-0629,Campo Grande,MS,1995-02-25 11:17:54.689369
Daniel Hawkins,33,13102624309,d.hawkins@email.com,(90) 8697-1974,Campo Grande,MS,2000-12-10 19:11:28.743124
Betty Steedley,67,76184476266,b.steedley@email.com,(97) 1905-6041,Porto Alegre,RS,1983-06-26 12:47:32.057377
Heriberto Gramc,16,34205019456,h.gramc@email.com,(21) 7703-3012,Campo Grande,MS,1985-01-03 16:55:49.225575
Milton Cowans,95,47737457380,m.cowans@email.com,(20) 7260-1088,Campo Grande,MS,2005-02-25 23:34:50.292540
Christopher Franklin,33,33933082844,c.franklin@email.com,(51) 4214-9933,Rio de Janeiro,RJ,1982-08-18 01:04:42.425290
Frank Moon,43,15741402413,f.moon@email.com,(87) 1379-7617,Rio de Janeiro,RJ,2015-02-01 03:40:41.106282
Jody Garrett,63,36119615800,j.garrett@email.com,(64) 7987-7596,Rio de Janeiro,RJ,2011-11-06 08:49:40.876778
June Bell,68,49668253063,j.bell@email.com,(20) 9332-4008,Campo Grande,MS,1984-08-19 20:34:20.106491
Roy Foster,74,24420305613,r.foster@email.com,(60) 2802-2773,Porto Alegre,RS,1985-07-13 17:24:44.565288
Katherine Graves,95,39689293946,k.graves@email.com,(79) 9635-9598,Porto Alegre,RS,2002-10-27 21:27:16.176366
David Patten,44,81954576085,d.patten@email.com,(88) 0184-8992,Sao Paulo,SP,1988-10-07 17:26:58.668204
Joseph Ganey,44,20145809723,j.ganey@email.com,(46) 5314-5092,Sao Paulo,SP,2013-12-20 16:31:30.269233
Gerald Sledge,17,65200762627,g.sledge@email.com,(91) 5315-6678,Porto Alegre,RS,1997-12-14 12:06:52.222388
Patrick Herrera,30,28097088655,p.herrera@email.com,(71) 2906-1033,Porto Alegre,RS,2000-01-20 16:57:22.482365
John Eaton,22,85481548597,j.eaton@email.com,(52) 1878-0627,Campo Grande,MS,2002-08-21 02:18:48.054639
Willie Lambes,87,86779577538,w.lambes@email.com,(14) 2927-4483,Rio de Janeiro,RJ,2014-05-29 05:45:41.628271
Viola Molina,65,47580573590,v.molina@email.com,(70) 1546-1240,Porto Alegre,RS,2012-07-14 04:11:09.588380
Martha Maldonado,95,86909984326,m.maldonado@email.com,(19) 9505-3657,Porto Alegre,RS,1990-03-04 10:03:12.749680
Edna Steele,28,29333728088,e.steele@email.com,(71) 1645-1176,Porto Alegre,RS,2012-05-13 04:44:30.646932
Russell Hall,43,70691784027,r.hall@email.com,(24) 8790-4928,Campo Grande,MS,1980-03-19 06:55:28.970106
James Daniels,94,05265310063,j.daniels@email.com,(24) 9685-2906,Porto Alegre,RS,2012-09-18 23:34:40.560482
Lydia Cawley,31,85486133477,l.cawley@email.com,(18) 1917-4144,Porto Alegre,RS,1993-08-18 19:50:15.985442
Karlene Minnich,78,01573807406,k.minnich@email.com,(44) 3397-1291,Campo Grande,MS,2005-04-16 13:17:05.093260
Marie Land,73,37571614594,m.land@email.com,(74) 4563-7948,Rio de Janeiro,RJ,1984-09-17 19:28:36.402352
James Hudson,94,15096882360,j.hudson@email.com,(50) 0899-8202,Rio de Janeiro,RJ,2002-03-29 01:46:25.825806
Marie Leavitt,59,18637552346,m.leavitt@email.com,(08) 2865-9206,Sao Paulo,SP,1995-07-08 21:09:18.135623
Christina Findley,95,24212515089,c.findley@email.com,(66) 2804-3883,Rio de Janeiro,RJ,2001-10-28 02:40:45.795504
William Lopez,65,44592871419,w.lopez@email.com,(34) 2209-7190,Porto Alegre,RS,1993-01-26 19:37:48.110535
Gary Torres,49,56552027220,g.torres@email.com,(58) 6082-9906,Sao Paulo,SP,2003-01-07 21:35:42.877772
Eddie Reaves,58,68379617004,e.reaves@email.com,(16) 5687-4997,Rio de Janeiro,RJ,2007-09-02 04:06:08.430533
Donnie Sylvester,53,50536968235,d.sylvester@email.com,(42) 4276-5933,Rio de Janeiro,RJ,1982-10-03 04:17:42.692788
Sheryl Guy,48,63083148609,s.guy@email.com,(61) 2553-1846,Rio de Janeiro,RJ,1990-02-26 17:05:20.275336
Barbara Nieves,47,39069705222,b.nieves@email.com,(22) 1250-0051,Rio de Janeiro,RJ,1981-01-11 21:11:31.117623
Francisco Boden,35,05531696369,f.boden@email.com,(36) 5625-0182,Rio de Janeiro,RJ,2013-09-26 11:32:20.555745
Stephen Skillern,16,05132135951,s.skillern@email.com,(30) 7697-2392,Sao Paulo,SP,1982-12-24 15:35:49.482258
Charles Brown,24,00413665621,c.brown@email.com,(73) 0133-9344,Campo Grande,MS,1981-07-23 06:08:31.545864
Beulah Smith,88,80622377376,b.smith@email.com,(19) 2085-5151,Sao Paulo,SP,2006-06-29 22:54:08.763164
Natalie Ewing,57,56011518530,n.ewing@email.com,(49) 7750-7085,Sao Paulo,SP,1982-04-26 19:48:53.912187
Eddie Lee,89,96328088678,e.lee@email.com,(26) 1870-3428,Sao Paulo,SP,2004-11-03 20:24:25.191252
Timothy Stooks,26,95450469764,t.stooks@email.com,(20) 4901-6176,Campo Grande,MS,2006-06-03 04:39:31.391540
Gregoria Brown,23,31028596559,g.brown@email.com,(01) 1288-2842,Porto Alegre,RS,2011-01-24 04:19:57.023181
Randall Robeson,69,90949644026,r.robeson@email.com,(97) 2771-4171,Porto Alegre,RS,2012-02-27 02:44:43.801236
William Newton,87,06056665934,w.newton@email.com,(88) 7837-4519,Porto Alegre,RS,2014-10-15 17:15:51.399237
Dennis Shaw,52,99303783703,d.shaw@email.com,(97) 1328-8024,Campo Grande,MS,2010-02-03 06:28:20.786204
Carl Rodriquez,79,70360647949,c.rodriquez@email.com,(27) 9271-1833,Campo Grande,MS,2014-11-08 01:14:01.918883
Pete Gordon,38,73780437758,p.gordon@email.com,(49) 9392-6783,Rio de Janeiro,RJ,2011-09-29 14:29:30.769722
Edward Dolejsi,56,95814291742,e.dolejsi@email.com,(67) 2331-1350,Sao Paulo,SP,2012-12-03 14:17:16.347310
Jane Gargus,22,77724419826,j.gargus@email.com,(26) 1648-8052,Porto Alegre,RS,2003-03-07 23:42:38.359106
Floyd Gross,80,96885844208,f.gross@email.com,(20) 0181-3259,Rio de Janeiro,RJ,1996-08-19 21:22:40.279216
Nancy Pettit,21,90282711433,n.pettit@email.com,(30) 9940-7959,Campo Grande,MS,2003-12-24 06:44:59.238242
Paul Pierson,36,20309530130,p.pierson@email.com,(99) 8791-5526,Rio de Janeiro,RJ,1984-12-10 19:42:28.481913
Carolyn Margeson,65,49592160899,c.margeson@email.com,(12) 1611-9671,Rio de Janeiro,RJ,1980-04-01 10:40:42.956861
Erica Burton,43,66734363846,e.burton@email.com,(73) 0126-8950,Rio de Janeiro,RJ,1998-05-22 03:05:04.256758
Bill Shones,65,09385131915,b.shones@email.com,(61) 4574-9381,Porto Alegre,RS,2003-03-27 11:19:37.653547
Catherine Rylee,50,34769585255,c.rylee@email.com,(00) 1308-5332,Rio de Janeiro,RJ,2009-01-18 04:20:08.909549
Barbara Mather,28,97228541720,b.mather@email.com,(60) 8538-7690,Campo Grande,MS,2000-05-18 07:06:10.632816
Ronnie Jones,71,55460267295,r.jones@email.com,(06) 4954-8333,Sao Paulo,SP,1985-04-11 05:11:58.410362
Thomas Hires,16,23938884723,t.hires@email.com,(96) 1608-0543,Campo Grande,MS,2009-06-12 02:11:33.340151
Carol Eiben,42,46452238488,c.eiben@email.com,(75) 7036-9396,Sao Paulo,SP,1992-06-05 04:05:31.649918
